_system_object_id;Objekttitel;objektgeschichte[].ereignis_typ#ubmz_event_id;Ereignistyp;objektgeschichte[].datum_ereignis;objektgeschichte[].datum_normiert_ereignis#from;objektgeschichte[].datum_normiert_ereignis#to;objektgeschichte[].unsicher_datum;objektgeschichte[].ort_ereignis#_system_object_id;Ort;objektgeschichte[].unsicher_ort;objektgeschichte[].personen_ereignis[].person_ereignis#_system_object_id;Person/Körperschaft;objektgeschichte[].personen_ereignis[].rolle_ereignis#_system_object_id;Rolle;objektgeschichte[].personen_ereignis[].unsicher;objektgeschichte[].bemerkung_ereignis;objektgeschichte[].ereignis_typ#ubmz_event_id;Ereignistyp;objektgeschichte[].datum_ereignis;objektgeschichte[].datum_normiert_ereignis#from;objektgeschichte[].datum_normiert_ereignis#to;objektgeschichte[].unsicher_datum;objektgeschichte[].ort_ereignis#_system_object_id;Ort;objektgeschichte[].unsicher_ort;objektgeschichte[].personen_ereignis[].person_ereignis#_system_object_id;Person/Körperschaft;objektgeschichte[].personen_ereignis[].rolle_ereignis#_system_object_id;Rolle;objektgeschichte[].personen_ereignis[].unsicher;objektgeschichte[].bemerkung_ereignis;objektgeschichte[].ereignis_typ#ubmz_event_id;Ereignistyp;objektgeschichte[].datum_ereignis;objektgeschichte[].datum_normiert_ereignis#from;objektgeschichte[].datum_normiert_ereignis#to;objektgeschichte[].unsicher_datum;objektgeschichte[].ort_ereignis#_system_object_id;Ort;objektgeschichte[].unsicher_ort;objektgeschichte[].personen_ereignis[].person_ereignis#_system_object_id;Person/Körperschaft;objektgeschichte[].personen_ereignis[].rolle_ereignis#_system_object_id;Rolle;objektgeschichte[].personen_ereignis[].unsicher;objektgeschichte[].bemerkung_ereignis;objektgeschichte[].ereignis_typ#ubmz_event_id;Ereignistyp;objektgeschichte[].datum_ereignis;objektgeschichte[].datum_normiert_ereignis#from;objektgeschichte[].datum_normiert_ereignis#to;objektgeschichte[].unsicher_datum;objektgeschichte[].ort_ereignis#_system_object_id;Ort;objektgeschichte[].unsicher_ort;objektgeschichte[].personen_ereignis[].person_ereignis#_system_object_id;Person/Körperschaft;objektgeschichte[].personen_ereignis[].rolle_ereignis#_system_object_id;Rolle;objektgeschichte[].personen_ereignis[].unsicher;objektgeschichte[].bemerkung_ereignis;
  9154;"Bodhisattva als Musiker Guttila";"ubmz-17";"Künstlerische Schöpfung";"19. Jh.";"1801-01-01";"1900-12-31";"0";"";"";"";"";"";"";"";"";"";"ubmz-14";"Herstellung";"";"";"";"";"9152
";"Bangkok
";"0
";"";"";"";"";"";"";"ubmz-11";"Erwerbung";"";"";"";"";"";"";"";"17820
";"Walter, Ursula
";"217
";"Erwerbung (durch)
";"0
";"";"ubmz-24";"Sammeltätigkeit";"";"";"";"";"";"";"";"9151
";"Meisig, Marion
";"43
";"Sammeltätigkeit (durch)
";"0
";"";""
  17825;"Vāma Śiva Naṭarāja";"ubmz-17";"Künstlerische Schöpfung";"19. Jh.";"1801-01-01";"1900-12-31";"0";"";"";"";"";"";"";"";"";"";"ubmz-14";"Herstellung";"";"";"";"";"17824
";"Tirumalai
";"1
";"";"";"";"";"";" Zum Ort: nahe Kumbakonam";"ubmz-11";"Erwerbung";"";"";"";"";"";"";"";"17820
";"Walter, Ursula
";"217
";"Erwerbung (durch)
";"0
";"";"ubmz-24";"Sammeltätigkeit";"";"";"";"";"";"";"";"9151
";"Meisig, Marion
";"43
";"Sammeltätigkeit (durch)
";"0
";"";""
  19435;"Viṣṇu-Varāha";"ubmz-14";"Herstellung";"";"";"";"";"17821
";"Indien
";"0
";"";"";"";"";"";"";"ubmz-11";"Erwerbung";"";"";"";"";"";"";"";"17820
";"Walter, Ursula
";"217
";"Erwerbung (durch)
";"0
";"";"ubmz-24";"Sammeltätigkeit";"";"";"";"";"";"";"";"9151
";"Meisig, Marion
";"43
";"Sammeltätigkeit (durch)
";"0
";"";""
  19644;"Avalokiteśvara-Ekādaśamukha";"ubmz-14";"Herstellung";"15. Jahrhundert";"1401-01-01";"1500-12-31";"1";"19643
";"Tibet
";"0
";"";"";"";"";"";"";"ubmz-11";"Erwerbung";"1985";"1985-01-01";"1985-12-31";"0";"23556
";"Kathmandu
";"0
";"17820
";"Walter, Ursula
";"217
";"Erwerbung (durch)
";"0
";"";"ubmz-24";"Sammeltätigkeit";"";"";"";"";"";"";"";"9151
";"Meisig, Marion
";"43
";"Sammeltätigkeit (durch)
";"0
";"";""
  19668;"Buddha";"ubmz-14";"Herstellung";"";"1933-05-20";"1933-05-20";"0";"";"";"";"";"";"";"";"";"";"ubmz-11";"Erwerbung";"";"";"";"";"23558
";"Colombo
";"0
";"17820
";"Walter, Ursula
";"217
";"Erwerbung (durch)
";"0
";"";"ubmz-24";"Sammeltätigkeit";"";"";"";"";"";"";"";"9151
";"Meisig, Marion
";"43
";"Sammeltätigkeit (durch)
";"0
";"";""
  19741;"Ānanda";"ubmz-14";"Herstellung";"19. - 20. Jahrhundert";"1801-01-01";"2000-12-31";"0";"19738
";"Myanmar
";"0
";"";"";"";"";"";"";"ubmz-11";"Erwerbung";"";"";"";"";"25167
";"Chiang Mai
";"0
";"17820
";"Walter, Ursula
";"217
";"Erwerbung (durch)
";"0
";"";"ubmz-24";"Sammeltätigkeit";"";"";"";"";"";"";"";"9151
";"Meisig, Marion
";"43
";"Sammeltätigkeit (durch)
";"0
";"";""
  19771;"Buddha unter Bodhi-Baum";"ubmz-14";"Herstellung";"20. Jahrhundert";"1901-01-01";"2000-12-31";"0";"19667
";"Sri Lanka
";"0
";"";"";"";"";"";"";"ubmz-11";"Erwerbung";"1979";"1979-01-01";"1979-12-31";"0";"23558
";"Colombo
";"0
";"17820
";"Walter, Ursula
";"217
";"Erwerbung (durch)
";"0
";"";"ubmz-24";"Sammeltätigkeit";"";"";"";"";"";"";"";"9151
";"Meisig, Marion
";"43
";"Sammeltätigkeit (durch)
";"0
";"";""
  19823;"Bodhisattva Mañjuśrī";"ubmz-14";"Herstellung";"19. Jahrhundert";"1801-01-01";"1900-12-31";"0";"19830
";"Himālaya
";"0
";"";"";"";"";"";"";"ubmz-11";"Erwerbung";"";"";"";"";"";"";"";"17820
";"Walter, Ursula
";"217
";"Erwerbung (durch)
";"0
";"";"ubmz-24";"Sammeltätigkeit";"";"";"";"";"";"";"";"9151
";"Meisig, Marion
";"43
";"Sammeltätigkeit (durch)
";"0
";"";""
  19831;"Buddha Siddhārta Gautama";"ubmz-14";"Herstellung";"20. Jahrhundert";"1901-01-01";"2000-12-31";"0";"15394
";"Thailand
";"0
";"";"";"";"";"";"";"ubmz-11";"Erwerbung";"";"";"";"";"";"";"";"17820
";"Walter, Ursula
";"217
";"Erwerbung (durch)
";"0
";"";"ubmz-24";"Sammeltätigkeit";"";"";"";"";"";"";"";"9151
";"Meisig, Marion
";"43
";"Sammeltätigkeit (durch)
";"0
";"";""
  19968;"Gaṇeśa";"ubmz-14";"Herstellung";"19. Jahrhundert";"1801-01-01";"1900-12-31";"0";"17822
";"Südindien
";"0
";"";"";"";"";"";"";"ubmz-11";"Erwerbung";"";"";"";"";"";"";"";"17820
";"Walter, Ursula
";"217
";"Erwerbung (durch)
";"0
";"";"ubmz-24";"Sammeltätigkeit";"";"";"";"";"";"";"";"9151
";"Meisig, Marion
";"43
";"Sammeltätigkeit (durch)
";"0
";"";""
  19972;"Grüne Tārā";"ubmz-14";"Herstellung";"19. Jahrhundert";"1801-01-01";"1900-12-31";"0";"19830
";"Himālaya
";"0
";"";"";"";"";"";"";"ubmz-11";"Erwerbung";"";"";"";"";"";"";"";"17820
";"Walter, Ursula
";"217
";"Erwerbung (durch)
";"0
";"";"ubmz-24";"Sammeltätigkeit";"";"";"";"";"";"";"";"9151
";"Meisig, Marion
";"43
";"Sammeltätigkeit (durch)
";"0
";"";""
  20548;"Gandharven-Pärchen";"ubmz-14";"Herstellung";"19. Jahrhundert";"1801-01-01";"1900-12-31";"0";"17821
";"Indien
";"0
";"";"";"";"";"";"";"ubmz-11";"Erwerbung";"";"";"";"";"";"";"";"17820
";"Walter, Ursula
";"217
";"Erwerbung (durch)
";"0
";"";"ubmz-24";"Sammeltätigkeit";"";"";"";"";"";"";"";"9151
";"Meisig, Marion
";"43
";"Sammeltätigkeit (durch)
";"0
";"";""
  20549;"Opferlöffel";"ubmz-14";"Herstellung";"19. Jahrhundert";"1801-01-01";"1900-12-31";"0";"17821
";"Indien
";"0
";"";"";"";"";"";"";"ubmz-11";"Erwerbung";"";"";"";"";"";"";"";"17820
";"Walter, Ursula
";"217
";"Erwerbung (durch)
";"0
";"";"ubmz-24";"Sammeltätigkeit";"";"";"";"";"";"";"";"9151
";"Meisig, Marion
";"43
";"Sammeltätigkeit (durch)
";"0
";"";""
  20550;"Śakuntalā";"ubmz-17";"Künstlerische Schöpfung";"19.Jahrhundert";"1801-01-01";"1900-12-31";"0";"";"";"";"";"";"";"";"";"";"ubmz-14";"Herstellung";"";"";"";"";"17821
";"Indien
";"0
";"";"";"";"";"";"";"ubmz-11";"Erwerbung";"";"";"";"";"";"";"";"17820
";"Walter, Ursula
";"217
";"Erwerbung (durch)
";"0
";"";"ubmz-24";"Sammeltätigkeit";"";"";"";"";"";"";"";"9151
";"Meisig, Marion
";"43
";"Sammeltätigkeit (durch)
";"0
";"";""
  20551;"Śālabhañjikā";"ubmz-14";"Herstellung";"19. Jahrhundert";"1801-01-01";"1900-12-31";"0";"17821
";"Indien
";"0
";"";"";"";"";"";" Zum Ort: Himālaya-Region";"ubmz-11";"Erwerbung";"";"";"";"";"";"";"";"17820
";"Walter, Ursula
";"217
";"Erwerbung (durch)
";"0
";"";"ubmz-24";"Sammeltätigkeit";"";"";"";"";"";"";"";"9151
";"Meisig, Marion
";"43
";"Sammeltätigkeit (durch)
";"0
";"";""
  20552;"Apsaras als Gandharvī";"ubmz-14";"Herstellung";"19. Jahrhundert";"1801-01-01";"1900-12-31";"0";"17821
";"Indien
";"0
";"";"";"";"";"";"";"ubmz-11";"Erwerbung";"";"";"";"";"";"";"";"17820
";"Walter, Ursula
";"217
";"Erwerbung (durch)
";"0
";"";"ubmz-24";"Sammeltätigkeit";"";"";"";"";"";"";"";"9151
";"Meisig, Marion
";"43
";"Sammeltätigkeit (durch)
";"0
";"";""
  20553;"Die Flussgöttin Gaṅgā";"ubmz-17";"Künstlerische Schöpfung";"19. Jahrhundert";"1801-01-01";"1900-12-31";"0";"";"";"";"";"";"";"";"";"";"ubmz-11";"Erwerbung";"";"";"";"";"19971
";"Nepal
";"0
";"17820
";"Walter, Ursula
";"217
";"Erwerbung (durch)
";"0
";" Zum Ort: Themi (laut Begleitzettel)";"ubmz-24";"Sammeltätigkeit";"";"";"";"";"";"";"";"9151
";"Meisig, Marion
";"43
";"Sammeltätigkeit (durch)
";"0
";"";""
  20555;"Yoginī Vidyādharī";"ubmz-14";"Herstellung";"19. Jahrhundert";"1801-01-01";"1900-12-31";"0";"19830
";"Himālaya
";"0
";"";"";"";"";"";"";"ubmz-11";"Erwerbung";"";"";"";"";"";"";"";"17820
";"Walter, Ursula
";"217
";"Erwerbung (durch)
";"0
";"";"ubmz-24";"Sammeltätigkeit";"";"";"";"";"";"";"";"9151
";"Meisig, Marion
";"43
";"Sammeltätigkeit (durch)
";"0
";"";""
  20556;"Rāmānuja";"ubmz-14";"Herstellung";"19. Jahrhundert";"1801-01-01";"1900-12-31";"0";"17821
";"Indien
";"0
";"";"";"";"";"";"";"ubmz-11";"Erwerbung";"";"";"";"";"";"";"";"17820
";"Walter, Ursula
";"217
";"Erwerbung (durch)
";"0
";"";"ubmz-24";"Sammeltätigkeit";"";"";"";"";"";"";"";"9151
";"Meisig, Marion
";"43
";"Sammeltätigkeit (durch)
";"0
";"";""
  20557;"Rāma, Sītā, Lakṣmaṇa und Hanumān";"ubmz-14";"Herstellung";"19. Jahrhundert";"1801-01-01";"1900-12-31";"0";"17821
";"Indien
";"0
";"";"";"";"";"";"";"ubmz-11";"Erwerbung";"";"";"";"";"";"";"";"17820
";"Walter, Ursula
";"217
";"Erwerbung (durch)
";"0
";"";"ubmz-24";"Sammeltätigkeit";"";"";"";"";"";"";"";"9151
";"Meisig, Marion
";"43
";"Sammeltätigkeit (durch)
";"0
";"";""
  20558;"Rāma";"ubmz-14";"Herstellung";"19. Jahrhundert";"1801-01-01";"1900-12-31";"0";"17821
";"Indien
";"0
";"";"";"";"";"";"";"ubmz-11";"Erwerbung";"";"";"";"";"";"";"";"17820
";"Walter, Ursula
";"217
";"Erwerbung (durch)
";"0
";"";"ubmz-24";"Sammeltätigkeit";"";"";"";"";"";"";"";"9151
";"Meisig, Marion
";"43
";"Sammeltätigkeit (durch)
";"0
";"";""
  20559;"Garuḍa";"ubmz-14";"Herstellung";"19. Jahrhundert";"1801-01-01";"1900-12-31";"0";"19830
";"Himālaya
";"0
";"";"";"";"";"";"";"ubmz-11";"Erwerbung";"";"";"";"";"";"";"";"17820
";"Walter, Ursula
";"217
";"Erwerbung (durch)
";"0
";"";"ubmz-24";"Sammeltätigkeit";"";"";"";"";"";"";"";"9151
";"Meisig, Marion
";"43
";"Sammeltätigkeit (durch)
";"0
";"";""
  20561;"Garuḍa";"ubmz-14";"Herstellung";"19. Jahrhundert";"1801-01-01";"1900-12-31";"0";"20560
";"Rajasthan
";"0
";"";"";"";"";"";"";"ubmz-11";"Erwerbung";"";"";"";"";"";"";"";"17820
";"Walter, Ursula
";"217
";"Erwerbung (durch)
";"0
";"";"ubmz-24";"Sammeltätigkeit";"";"";"";"";"";"";"";"9151
";"Meisig, Marion
";"43
";"Sammeltätigkeit (durch)
";"0
";"";""
  20562;"Śiva Naṭarāja";"ubmz-14";"Herstellung";"19. Jahrhundert";"1801-01-01";"1900-12-31";"0";"17822
";"Südindien
";"0
";"";"";"";"";"";"";"ubmz-11";"Erwerbung";"";"";"";"";"";"";"";"17820
";"Walter, Ursula
";"217
";"Erwerbung (durch)
";"0
";"";"ubmz-24";"Sammeltätigkeit";"";"";"";"";"";"";"";"9151
";"Meisig, Marion
";"43
";"Sammeltätigkeit (durch)
";"0
";"";""
  20568;"Kṛṣṇa";"ubmz-14";"Herstellung";"18.-19. Jahrhundert";"1701-01-01";"1900-12-31";"0";"17821
";"Indien
";"0
";"";"";"";"";"";"";"ubmz-11";"Erwerbung";"";"";"";"";"";"";"";"17820
";"Walter, Ursula
";"217
";"Erwerbung (durch)
";"0
";"";"ubmz-24";"Sammeltätigkeit";"";"";"";"";"";"";"";"9151
";"Meisig, Marion
";"43
";"Sammeltätigkeit (durch)
";"0
";"";""
  20570;"Kṛṣṇa als kleines Kind";"ubmz-14";"Herstellung";"19. Jahrhundert";"1801-01-01";"1900-12-31";"0";"20569
";"Nordwestindien
";"0
";"";"";"";"";"";"";"ubmz-11";"Erwerbung";"";"";"";"";"";"";"";"17820
";"Walter, Ursula
";"217
";"Erwerbung (durch)
";"0
";"";"ubmz-24";"Sammeltätigkeit";"";"";"";"";"";"";"";"9151
";"Meisig, Marion
";"43
";"Sammeltätigkeit (durch)
";"0
";"";""
  20571;"Somaskanda";"ubmz-14";"Herstellung";"19. Jahrhundert";"1801-01-01";"1900-12-31";"0";"17822
";"Südindien
";"0
";"";"";"";"";"";"";"ubmz-11";"Erwerbung";"";"";"";"";"";"";"";"17820
";"Walter, Ursula
";"217
";"Erwerbung (durch)
";"0
";"";"ubmz-24";"Sammeltätigkeit";"";"";"";"";"";"";"";"9151
";"Meisig, Marion
";"43
";"Sammeltätigkeit (durch)
";"0
";"";""
  20572;"Umā-Maheśvara-Mūrti mit Gaṇeśa";"ubmz-14";"Herstellung";"19. Jahrhundert";"1801-01-01";"1900-12-31";"0";"17821
";"Indien
";"0
";"";"";"";"";"";"";"ubmz-11";"Erwerbung";"";"";"";"";"";"";"";"17820
";"Walter, Ursula
";"217
";"Erwerbung (durch)
";"0
";"";"ubmz-24";"Sammeltätigkeit";"";"";"";"";"";"";"";"9151
";"Meisig, Marion
";"43
";"Sammeltätigkeit (durch)
";"0
";"";""
  20573;"Skanda und seine Gefährtinnen";"ubmz-17";"Künstlerische Schöpfung";"19. Jahrhundert";"1801-01-01";"1900-12-31";"0";"";"";"";"";"";"";"";"";"";"ubmz-14";"Herstellung";"";"";"";"";"17821
";"Indien
";"0
";"";"";"";"";"";"";"ubmz-11";"Erwerbung";"1975";"1975-01-01";"1975-12-31";"0";"23700
";"Mumbai
";"0
";"17820
";"Walter, Ursula
";"217
";"Erwerbung (durch)
";"0
";"";"ubmz-24";"Sammeltätigkeit";"";"";"";"";"";"";"";"9151
";"Meisig, Marion
";"43
";"Sammeltätigkeit (durch)
";"0
";"";""
  20574;"Śiva-Ardhanārīśvara";"ubmz-14";"Herstellung";"19. Jahrhundert";"1801-01-01";"1900-12-31";"0";"19971
";"Nepal
";"1
";"";"";"";"";"";" Zum Ort: Bodhnath (laut Aufkleber)";"ubmz-11";"Erwerbung";"";"";"";"";"";"";"";"17820
";"Walter, Ursula
";"217
";"Erwerbung (durch)
";"0
";"";"ubmz-24";"Sammeltätigkeit";"";"";"";"";"";"";"";"9151
";"Meisig, Marion
";"43
";"Sammeltätigkeit (durch)
";"0
";"";""
  20575;"Bodhisattva Padmapāṇi";"ubmz-14";"Herstellung";"18.-19. Jahrhundert";"1701-01-01";"1900-12-31";"0";"17821
";"Indien
";"1
";"";"";"";"";"";" Zum Ort: Orissa?";"ubmz-11";"Erwerbung";"";"";"";"";"";"";"";"17820
";"Walter, Ursula
";"217
";"Erwerbung (durch)
";"0
";"";"ubmz-24";"Sammeltätigkeit";"";"";"";"";"";"";"";"9151
";"Meisig, Marion
";"43
";"Sammeltätigkeit (durch)
";"0
";"";""
  20576;"Padmasaṃbhava";"ubmz-14";"Herstellung";"19. Jahrhundert";"1801-01-01";"1900-12-31";"0";"19643
";"Tibet
";"0
";"";"";"";"";"";"";"ubmz-11";"Erwerbung";"";"";"";"";"";"";"";"17820
";"Walter, Ursula
";"217
";"Erwerbung (durch)
";"0
";"";"ubmz-24";"Sammeltätigkeit";"";"";"";"";"";"";"";"9151
";"Meisig, Marion
";"43
";"Sammeltätigkeit (durch)
";"0
";"";""
  20577;"Tibetische Tempelglocke";"ubmz-14";"Herstellung";"19. Jahrhundert";"1801-01-01";"1900-12-31";"0";"19643
";"Tibet
";"0
";"";"";"";"";"";" Zum Ort: Himālaya-Region";"ubmz-11";"Erwerbung";"";"";"";"";"";"";"";"17820
";"Walter, Ursula
";"217
";"Erwerbung (durch)
";"0
";"";"ubmz-24";"Sammeltätigkeit";"";"";"";"";"";"";"";"9151
";"Meisig, Marion
";"43
";"Sammeltätigkeit (durch)
";"0
";"";""
  20578;"Vajra";"ubmz-14";"Herstellung";"19. Jahrhundert";"1801-01-01";"1900-12-31";"0";"19643
";"Tibet
";"0
";"";"";"";"";"";" Zum Ort: Himālaya-Region";"ubmz-11";"Erwerbung";"";"";"";"";"";"";"";"17820
";"Walter, Ursula
";"217
";"Erwerbung (durch)
";"0
";"";"ubmz-24";"Sammeltätigkeit";"";"";"";"";"";"";"";"9151
";"Meisig, Marion
";"43
";"Sammeltätigkeit (durch)
";"0
";"";""
  20580;"Buddha mit Mucalinda";"ubmz-14";"Herstellung";"19. Jahrhundert";"1801-01-01";"1900-12-31";"0";"20579
";"Kambodscha
";"1
";"";"";"";"";"";"";"ubmz-11";"Erwerbung";"";"";"";"";"";"";"";"17820
";"Walter, Ursula
";"217
";"Erwerbung (durch)
";"0
";"";"ubmz-24";"Sammeltätigkeit";"";"";"";"";"";"";"";"9151
";"Meisig, Marion
";"43
";"Sammeltätigkeit (durch)
";"0
";"";""
  20582;"Buddha-Amitābha";"ubmz-14";"Herstellung";"20. Jahrhundert";"1901-01-01";"2000-12-31";"0";"20581
";"Japan
";"0
";"";"";"";"";"";"";"ubmz-11";"Erwerbung";"";"";"";"";"";"";"";"17820
";"Walter, Ursula
";"217
";"Erwerbung (durch)
";"0
";"";"ubmz-24";"Sammeltätigkeit";"";"";"";"";"";"";"";"9151
";"Meisig, Marion
";"43
";"Sammeltätigkeit (durch)
";"0
";"";""
  20584;"Guan Yin";"ubmz-14";"Herstellung";"20. Jahrhundert";"1901-01-01";"2000-12-31";"0";"20583
";"China
";"0
";"";"";"";"";"";"";"ubmz-11";"Erwerbung";"";"";"";"";"";"";"";"17820
";"Walter, Ursula
";"217
";"Erwerbung (durch)
";"0
";"";"ubmz-24";"Sammeltätigkeit";"";"";"";"";"";"";"";"9151
";"Meisig, Marion
";"43
";"Sammeltätigkeit (durch)
";"0
";"";""
  20585;"Der Zukunftsbuddha Maitreya";"ubmz-14";"Herstellung";"19.-20. Jahrhundert";"1801-01-01";"2000-12-31";"0";"19830
";"Himālaya
";"0
";"";"";"";"";"";"";"ubmz-11";"Erwerbung";"";"";"";"";"";"";"";"17820
";"Walter, Ursula
";"217
";"Erwerbung (durch)
";"0
";"";"ubmz-24";"Sammeltätigkeit";"";"";"";"";"";"";"";"9151
";"Meisig, Marion
";"43
";"Sammeltätigkeit (durch)
";"0
";"";""
  20586;"Buddha Maitreya als Lachender Buddha";"ubmz-14";"Herstellung";"20. Jahrhundert";"1901-01-01";"2000-12-31";"0";"20583
";"China
";"0
";"";"";"";"";"";"";"ubmz-11";"Erwerbung";"";"";"";"";"";"";"";"17820
";"Walter, Ursula
";"217
";"Erwerbung (durch)
";"0
";"";"ubmz-24";"Sammeltätigkeit";"";"";"";"";"";"";"";"9151
";"Meisig, Marion
";"43
";"Sammeltätigkeit (durch)
";"0
";"";""
  20587;"Buddha-Kopf";"ubmz-14";"Herstellung";"20. Jahrhundert";"1901-01-01";"2000-12-31";"0";"15394
";"Thailand
";"1
";"";"";"";"";"";"";"ubmz-11";"Erwerbung";"";"";"";"";"";"";"";"17820
";"Walter, Ursula
";"217
";"Erwerbung (durch)
";"0
";"";"ubmz-24";"Sammeltätigkeit";"";"";"";"";"";"";"";"9151
";"Meisig, Marion
";"43
";"Sammeltätigkeit (durch)
";"0
";"";""
  20588;"Kopf des Khmer-Königs Jayavarman VII";"ubmz-14";"Herstellung";"";"";"";"";"20579
";"Kambodscha
";"0
";"";"";"";"";"";"";"ubmz-11";"Erwerbung";"";"";"";"";"";"";"";"17820
";"Walter, Ursula
";"217
";"Erwerbung (durch)
";"0
";"";"ubmz-24";"Sammeltätigkeit";"";"";"";"";"";"";"";"9151
";"Meisig, Marion
";"43
";"Sammeltätigkeit (durch)
";"0
";"";""
  20589;"Jina";"ubmz-14";"Herstellung";"19. Jahrhundert";"1801-01-01";"1900-12-31";"0";"20560
";"Rajasthan
";"1
";"";"";"";"";"";"";"ubmz-11";"Erwerbung";"";"";"";"";"";"";"";"17820
";"Walter, Ursula
";"217
";"Erwerbung (durch)
";"0
";"";"ubmz-24";"Sammeltätigkeit";"";"";"";"";"";"";"";"9151
";"Meisig, Marion
";"43
";"Sammeltätigkeit (durch)
";"0
";"";""
  23548;"Pferd mit heraushängender Zunge";"ubmz-11";"Erwerbung";"1975";"1975-01-01";"1975-12-31";"0";"23547
";"Bengaluru
";"0
";"17820
";"Walter, Ursula
";"217
";"Erwerbung (durch)
";"0
";"";"ubmz-24";"Sammeltätigkeit";"";"";"";"";"";"";"";"9151
";"Meisig, Marion
";"43
";"Sammeltätigkeit (durch)
";"0
";"";""
  23551;"Sarasvatī";"ubmz-11";"Erwerbung";"1981";"1981-01-01";"1981-12-31";"0";"23550
";"Leh
";"0
";"17820
";"Walter, Ursula
";"217
";"Erwerbung (durch)
";"0
";"";"ubmz-24";"Sammeltätigkeit";"";"";"";"";"";"";"";"9151
";"Meisig, Marion
";"43
";"Sammeltätigkeit (durch)
";"0
";"";""
  23553;"Elefant mit Reiter";"ubmz-11";"Erwerbung";"1975";"1975-01-01";"1975-12-31";"0";"23547
";"Bengaluru
";"0
";"17820
";"Walter, Ursula
";"217
";"Erwerbung (durch)
";"0
";"";"ubmz-24";"Sammeltätigkeit";"";"";"";"";"";"";"";"9151
";"Meisig, Marion
";"43
";"Sammeltätigkeit (durch)
";"0
";"";""
  23555;"Esel";"ubmz-11";"Erwerbung";"1974";"1974-01-01";"1974-12-31";"0";"23554
";"Delhi
";"0
";"17820
";"Walter, Ursula
";"217
";"Erwerbung (durch)
";"0
";" Zum Ort: tibetanischer Markt";"ubmz-24";"Sammeltätigkeit";"";"";"";"";"";"";"";"9151
";"Meisig, Marion
";"43
";"Sammeltätigkeit (durch)
";"0
";"";""
  23559;"Lakṣmī";"ubmz-11";"Erwerbung";"";"";"";"0";"17821
";"Indien
";"0
";"17820
";"Walter, Ursula
";"217
";"Erwerbung (durch)
";"0
";"";"ubmz-24";"Sammeltätigkeit";"";"";"";"";"";"";"";"9151
";"Meisig, Marion
";"43
";"Sammeltätigkeit (durch)
";"0
";"";""
  23560;"Medizinbuddha";"ubmz-11";"Erwerbung";"1972";"1972-01-01";"1972-12-31";"0";"9152
";"Bangkok
";"0
";"17820
";"Walter, Ursula
";"217
";"Erwerbung (durch)
";"0
";"";"ubmz-24";"Sammeltätigkeit";"";"";"";"";"";"";"";"9151
";"Meisig, Marion
";"43
";"Sammeltätigkeit (durch)
";"0
";"";""
  23561;"Bodhisattva";"ubmz-11";"Erwerbung";"";"";"";"";"17821
19971
";"Indien
Nepal
";"1
1
";"17820
";"Walter, Ursula
";"217
";"Erwerbung (durch)
";"0
";"";"ubmz-24";"Sammeltätigkeit";"";"";"";"";"";"";"";"9151
";"Meisig, Marion
";"43
";"Sammeltätigkeit (durch)
";"0
";"";""
  23564;"Bodhisattva";"ubmz-11";"Erwerbung";"";"";"";"";"23563
";"Java
";"1
";"17820
";"Walter, Ursula
";"217
";"Erwerbung (durch)
";"0
";" Zum Ort: Borobudur bei Yogyakarta";"ubmz-24";"Sammeltätigkeit";"";"";"";"";"";"";"";"9151
";"Meisig, Marion
";"43
";"Sammeltätigkeit (durch)
";"0
";"";""
  23565;"Göttin";"ubmz-11";"Erwerbung";"";"";"";"";"17821
";"Indien
";"1
";"17820
";"Walter, Ursula
";"217
";"Erwerbung (durch)
";"0
";"";"ubmz-24";"Sammeltätigkeit";"";"";"";"";"";"";"";"9151
";"Meisig, Marion
";"43
";"Sammeltätigkeit (durch)
";"0
";"";""
  23573;"Śiva auf Nandi";"ubmz-11";"Erwerbung";"1978";"1978-01-01";"1978-12-31";"0";"9152
";"Bangkok
";"0
";"17820
";"Walter, Ursula
";"217
";"Erwerbung (durch)
";"0
";" Zum Ort: Sonntagsmarkt";"ubmz-24";"Sammeltätigkeit";"";"";"";"";"";"";"";"9151
";"Meisig, Marion
";"43
";"Sammeltätigkeit (durch)
";"0
";"";""
  23574;"Śiva mit Pārvatī";"ubmz-11";"Erwerbung";"1973";"1973-01-01";"1973-12-31";"0";"23575
";"Jaipur
";"0
";"17820
";"Walter, Ursula
";"217
";"Erwerbung (durch)
";"0
";"";"ubmz-24";"Sammeltätigkeit";"";"";"";"";"";"";"";"9151
";"Meisig, Marion
";"43
";"Sammeltätigkeit (durch)
";"0
";"";""
  23576;"Śiva mit Pārvatī";"ubmz-11";"Erwerbung";"1974";"1974-01-01";"1974-12-31";"0";"23554
";"Delhi
";"0
";"17820
";"Walter, Ursula
";"217
";"Erwerbung (durch)
";"0
";"";"ubmz-24";"Sammeltätigkeit";"";"";"";"";"";"";"";"9151
";"Meisig, Marion
";"43
";"Sammeltätigkeit (durch)
";"0
";"";""
  23577;"Brahma";"ubmz-11";"Erwerbung";"1979";"1979-01-01";"1979-12-31";"0";"23563
";"Java
";"0
";"17820
";"Walter, Ursula
";"217
";"Erwerbung (durch)
";"0
";" Zum Ort: Borobudur bei Yogyakarta";"ubmz-24";"Sammeltätigkeit";"";"";"";"";"";"";"";"9151
";"Meisig, Marion
";"43
";"Sammeltätigkeit (durch)
";"0
";"";""
  23578;"Sakegott";"ubmz-11";"Erwerbung";"";"";"";"";"20581
";"Japan
";"0
";"17820
";"Walter, Ursula
";"217
";"Erwerbung (durch)
";"0
";"";"ubmz-24";"Sammeltätigkeit";"";"";"";"";"";"";"";"9151
";"Meisig, Marion
";"43
";"Sammeltätigkeit (durch)
";"0
";"";""
  23579;"Frau auf Drache";"ubmz-11";"Erwerbung";"1979";"1979-01-01";"1979-12-31";"0";"23563
";"Java
";"0
";"17820
";"Walter, Ursula
";"217
";"Erwerbung (durch)
";"0
";" Zum Ort: Borobudur bei Yogyakarta";"ubmz-24";"Sammeltätigkeit";"";"";"";"";"";"";"";"9151
";"Meisig, Marion
";"43
";"Sammeltätigkeit (durch)
";"0
";"";""
  23580;"Apsaras";"ubmz-11";"Erwerbung";"";"";"";"";"17821
";"Indien
";"0
";"17820
";"Walter, Ursula
";"217
";"Erwerbung (durch)
";"0
";"";"ubmz-24";"Sammeltätigkeit";"";"";"";"";"";"";"";"9151
";"Meisig, Marion
";"43
";"Sammeltätigkeit (durch)
";"0
";"";""
  23581;"Garuḍa";"ubmz-11";"Erwerbung";"";"";"";"";"17821
";"Indien
";"0
";"17820
";"Walter, Ursula
";"217
";"Erwerbung (durch)
";"0
";"";"ubmz-24";"Sammeltätigkeit";"";"";"";"";"";"";"";"9151
";"Meisig, Marion
";"43
";"Sammeltätigkeit (durch)
";"0
";"";""
  23582;"Haṃsa";"ubmz-11";"Erwerbung";"";"";"";"";"17821
";"Indien
";"0
";"17820
";"Walter, Ursula
";"217
";"Erwerbung (durch)
";"0
";"";"ubmz-24";"Sammeltätigkeit";"";"";"";"";"";"";"";"9151
";"Meisig, Marion
";"43
";"Sammeltätigkeit (durch)
";"0
";"";""
  23583;"Samādhibuddha mit Nimbus";"ubmz-11";"Erwerbung";"";"";"";"";"23563
";"Java
";"0
";"17820
";"Walter, Ursula
";"217
";"Erwerbung (durch)
";"0
";"";"ubmz-24";"Sammeltätigkeit";"";"";"";"";"";"";"";"9151
";"Meisig, Marion
";"43
";"Sammeltätigkeit (durch)
";"0
";"";""
  23584;"Samādhibuddha sitzend";"ubmz-11";"Erwerbung";"1984";"1984-01-01";"1984-12-31";"0";"23575
";"Jaipur
";"0
";"17820
";"Walter, Ursula
";"217
";"Erwerbung (durch)
";"0
";"";"ubmz-24";"Sammeltätigkeit";"";"";"";"";"";"";"";"9151
";"Meisig, Marion
";"43
";"Sammeltätigkeit (durch)
";"0
";"";""
  23607;"Samādhibuddha";"ubmz-11";"Erwerbung";"";"";"";"";"23606
";"Südostasien
";"1
";"17820
";"Walter, Ursula
";"217
";"Erwerbung (durch)
";"0
";"";"ubmz-24";"Sammeltätigkeit";"";"";"";"";"";"";"";"9151
";"Meisig, Marion
";"43
";"Sammeltätigkeit (durch)
";"0
";"";""
  23608;"Samādhibuddha";"ubmz-11";"Erwerbung";"1972";"1972-01-01";"1972-12-31";"0";"23558
";"Colombo
";"0
";"17820
";"Walter, Ursula
";"217
";"Erwerbung (durch)
";"0
";"";"ubmz-24";"Sammeltätigkeit";"";"";"";"";"";"";"";"9151
";"Meisig, Marion
";"43
";"Sammeltätigkeit (durch)
";"0
";"";""
  23611;"Pfau";"ubmz-11";"Erwerbung";"";"";"";"";"17821
";"Indien
";"0
";"17820
";"Walter, Ursula
";"217
";"Erwerbung (durch)
";"0
";"";"ubmz-24";"Sammeltätigkeit";"";"";"";"";"";"";"";"9151
";"Meisig, Marion
";"43
";"Sammeltätigkeit (durch)
";"0
";"";""
  23612;"Pfau";"ubmz-11";"Erwerbung";"";"";"";"";"20560
";"Rajasthan
";"0
";"17820
";"Walter, Ursula
";"217
";"Erwerbung (durch)
";"0
";"";"ubmz-24";"Sammeltätigkeit";"";"";"";"";"";"";"";"9151
";"Meisig, Marion
";"43
";"Sammeltätigkeit (durch)
";"0
";"";""
  23613;"Öllampe Kakadu";"ubmz-11";"Erwerbung";"";"";"";"";"23558
";"Colombo
";"0
";"17820
";"Walter, Ursula
";"217
";"Erwerbung (durch)
";"0
";"";"ubmz-24";"Sammeltätigkeit";"";"";"";"";"";"";"";"9151
";"Meisig, Marion
";"43
";"Sammeltätigkeit (durch)
";"0
";"";""
  23617;"Öllampe kleiner Hahn";"ubmz-11";"Erwerbung";"1979";"1979-01-01";"1979-12-31";"0";"23616
";"Kandy
";"0
";"17820
";"Walter, Ursula
";"217
";"Erwerbung (durch)
";"0
";"";"ubmz-24";"Sammeltätigkeit";"";"";"";"";"";"";"";"9151
";"Meisig, Marion
";"43
";"Sammeltätigkeit (durch)
";"0
";"";""
  23624;"Öllampe großer Hahn";"ubmz-11";"Erwerbung";"1981";"1981-01-01";"1981-12-31";"0";"23558
";"Colombo
";"0
";"17820
";"Walter, Ursula
";"217
";"Erwerbung (durch)
";"0
";"";"ubmz-24";"Sammeltätigkeit";"";"";"";"";"";"";"";"9151
";"Meisig, Marion
";"43
";"Sammeltätigkeit (durch)
";"0
";"";""
  23635;"Öllampe mit Garuḍa und Hanuman";"ubmz-11";"Erwerbung";"1979";"1979-01-01";"1979-12-31";"0";"23632
";"Thiruvananthapuram
";"0
";"17820
";"Walter, Ursula
";"217
";"Erwerbung (durch)
";"0
";" Zum Ort: früherer Name: Trivandrum";"ubmz-24";"Sammeltätigkeit";"";"";"";"";"";"";"";"9151
";"Meisig, Marion
";"43
";"Sammeltätigkeit (durch)
";"0
";"";""
  23649;"Große Pfauen-Lampe";"ubmz-11";"Erwerbung";"";"";"";"";"23554
";"Delhi
";"0
";"17820
";"Walter, Ursula
";"217
";"Erwerbung (durch)
";"0
";"";"ubmz-24";"Sammeltätigkeit";"";"";"";"";"";"";"";"9151
";"Meisig, Marion
";"43
";"Sammeltätigkeit (durch)
";"0
";"";""
  23682;"Kerzenständer mit Kamelen";"ubmz-11";"Erwerbung";"";"";"";"";"";"";"";"17820
";"Walter, Ursula
";"217
";"Erwerbung (durch)
";"0
";"";"ubmz-24";"Sammeltätigkeit";"";"";"";"";"";"";"";"9151
";"Meisig, Marion
";"43
";"Sammeltätigkeit (durch)
";"0
";"";""
  23683;"Türklopfer";"ubmz-11";"Erwerbung";"1981";"1981-01-01";"1981-12-31";"0";"23558
";"Colombo
";"0
";"17820
";"Walter, Ursula
";"217
";"Erwerbung (durch)
";"0
";"";"ubmz-24";"Sammeltätigkeit";"";"";"";"";"";"";"";"9151
";"Meisig, Marion
";"43
";"Sammeltätigkeit (durch)
";"0
";"";""
  23686;"Öllampenträgerin";"ubmz-11";"Erwerbung";"";"";"";"";"17821
";"Indien
";"0
";"17820
";"Walter, Ursula
";"217
";"Erwerbung (durch)
";"0
";"";"ubmz-24";"Sammeltätigkeit";"";"";"";"";"";"";"";"9151
";"Meisig, Marion
";"43
";"Sammeltätigkeit (durch)
";"0
";"";""
  23703;"Zwei Bodhisattvas";"ubmz-11";"Erwerbung";"";"";"";"";"19971
";"Nepal
";"1
";"17820
";"Walter, Ursula
";"217
";"Erwerbung (durch)
";"0
";"";"ubmz-24";"Sammeltätigkeit";"";"";"";"";"";"";"";"9151
";"Meisig, Marion
";"43
";"Sammeltätigkeit (durch)
";"0
";"";""
  23704;"Zukunftsbuddha Maitreya";"ubmz-11";"Erwerbung";"";"";"";"";"23563
";"Java
";"1
";"17820
";"Walter, Ursula
";"217
";"Erwerbung (durch)
";"0
";"";"ubmz-24";"Sammeltätigkeit";"";"";"";"";"";"";"";"9151
";"Meisig, Marion
";"43
";"Sammeltätigkeit (durch)
";"0
";"";""
  23705;"Stehender Buddha mit Flamme";"ubmz-11";"Erwerbung";"1973";"1973-01-01";"1973-12-31";"0";"23558
";"Colombo
";"0
";"17820
";"Walter, Ursula
";"217
";"Erwerbung (durch)
";"0
";"";"ubmz-24";"Sammeltätigkeit";"";"";"";"";"";"";"";"9151
";"Meisig, Marion
";"43
";"Sammeltätigkeit (durch)
";"0
";"";""
  23706;"Opiumgewicht großer Hahn";"ubmz-11";"Erwerbung";"1974";"1974-01-01";"1974-12-31";"0";"19591
";"Frankfurt am Main
";"0
";"17820
";"Walter, Ursula
";"217
";"Erwerbung (durch)
";"0
";" Zum Ort: Frankfurter Trödelmarkt";"ubmz-24";"Sammeltätigkeit";"";"";"";"";"";"";"";"9151
";"Meisig, Marion
";"43
";"Sammeltätigkeit (durch)
";"0
";"";""
  23707;"Opiumgewicht kleiner Hahn";"ubmz-11";"Erwerbung";"1974";"1974-01-01";"1974-12-31";"0";"19591
";"Frankfurt am Main
";"0
";"17820
";"Walter, Ursula
";"217
";"Erwerbung (durch)
";"0
";" Zum Ort: Frankfurter Trödelmarkt";"ubmz-24";"Sammeltätigkeit";"";"";"";"";"";"";"";"9151
";"Meisig, Marion
";"43
";"Sammeltätigkeit (durch)
";"0
";"";""
  23750;"Prozessionsträger Pfau auf Kobra";"ubmz-14";"Herstellung";"1928";"1928-01-01";"1928-12-31";"1";"";"";"";"";"";"";"";"";"";"ubmz-11";"Erwerbung";"1973";"1973-01-01";"1973-12-31";"0";"23558
";"Colombo
";"0
";"17820
";"Walter, Ursula
";"217
";"Erwerbung (durch)
";"0
";"";"ubmz-24";"Sammeltätigkeit";"";"";"";"";"";"";"";"9151
";"Meisig, Marion
";"43
";"Sammeltätigkeit (durch)
";"0
";"";""
  23753;"Schminkdose Pfau";"ubmz-11";"Erwerbung";"1973";"1973-01-01";"1973-12-31";"0";"23752
";"Vārānasi
";"0
";"17820
";"Walter, Ursula
";"217
";"Erwerbung (durch)
";"0
";" Zum Ort: auch als Benares benannt";"ubmz-24";"Sammeltätigkeit";"";"";"";"";"";"";"";"9151
";"Meisig, Marion
";"43
";"Sammeltätigkeit (durch)
";"0
";"";""
  23754;"Yin-Yang-Döschen";"ubmz-11";"Erwerbung";"";"";"";"";"19971
17821
";"Nepal
Indien
";"1
1
";"17820
";"Walter, Ursula
";"217
";"Erwerbung (durch)
";"0
";"";"ubmz-24";"Sammeltätigkeit";"";"";"";"";"";"";"";"9151
";"Meisig, Marion
";"43
";"Sammeltätigkeit (durch)
";"0
";"";""
  23755;"Bronzeanhänger";"ubmz-11";"Erwerbung";"";"";"";"";"";"";"";"17820
";"Walter, Ursula
";"217
";"Erwerbung (durch)
";"0
";"";"ubmz-24";"Sammeltätigkeit";"";"";"";"";"";"";"";"9151
";"Meisig, Marion
";"43
";"Sammeltätigkeit (durch)
";"0
";"";""
  23756;"Bauernpaar auf Bank";"ubmz-11";"Erwerbung";"1975";"1975-01-01";"1975-12-31";"0";"23547
";"Bengaluru
";"0
";"17820
";"Walter, Ursula
";"217
";"Erwerbung (durch)
";"0
";"";"ubmz-24";"Sammeltätigkeit";"";"";"";"";"";"";"";"9151
";"Meisig, Marion
";"43
";"Sammeltätigkeit (durch)
";"0
";"";""
  23757;"Fünf Figuren auf Bank";"ubmz-11";"Erwerbung";"1981";"1981-01-01";"1981-12-31";"0";"23550
";"Leh
";"0
";"17820
";"Walter, Ursula
";"217
";"Erwerbung (durch)
";"0
";"";"ubmz-24";"Sammeltätigkeit";"";"";"";"";"";"";"";"9151
";"Meisig, Marion
";"43
";"Sammeltätigkeit (durch)
";"0
";"";""
  23758;"Śiva-Hausaltar";"ubmz-11";"Erwerbung";"1973";"1973-01-01";"1973-12-31";"0";"23575
";"Jaipur
";"0
";"17820
";"Walter, Ursula
";"217
";"Erwerbung (durch)
";"0
";"";"ubmz-24";"Sammeltätigkeit";"";"";"";"";"";"";"";"9151
";"Meisig, Marion
";"43
";"Sammeltätigkeit (durch)
";"0
";"";""
  23760;"Altar mit Buddha";"ubmz-11";"Erwerbung";"1979";"1979-01-01";"1979-12-31";"0";"23759
";"Yogyakarta
";"0
";"17820
";"Walter, Ursula
";"217
";"Erwerbung (durch)
";"0
";"";"ubmz-24";"Sammeltätigkeit";"";"";"";"";"";"";"";"9151
";"Meisig, Marion
";"43
";"Sammeltätigkeit (durch)
";"0
";"";""
  23763;"Hausaltar aus Holz";"ubmz-14";"Herstellung";"";"";"";"";"23761
";"State of Odisha
";"1
";"";"";"";"";"";" Zum Ort: früher Orissa";"ubmz-11";"Erwerbung";"1984";"1984-01-01";"1984-12-31";"0";"23762
";"Udaipur
";"0
";"17820
";"Walter, Ursula
";"217
";"Erwerbung (durch)
";"0
";"";"ubmz-24";"Sammeltätigkeit";"";"";"";"";"";"";"";"9151
";"Meisig, Marion
";"43
";"Sammeltätigkeit (durch)
";"0
";"";""
  23765;"Hausaltarfigur";"ubmz-11";"Erwerbung";"";"";"";"";"17821
";"Indien
";"0
";"17820
";"Walter, Ursula
";"217
";"Erwerbung (durch)
";"0
";"";"ubmz-24";"Sammeltätigkeit";"";"";"";"";"";"";"";"9151
";"Meisig, Marion
";"43
";"Sammeltätigkeit (durch)
";"0
";"";""
  23768;"Frauenbüste";"ubmz-11";"Erwerbung";"1979";"1979-01-01";"1979-12-31";"0";"23767
";"Kuta
";"0
";"17820
";"Walter, Ursula
";"217
";"Erwerbung (durch)
";"0
";"";"ubmz-24";"Sammeltätigkeit";"";"";"";"";"";"";"";"9151
";"Meisig, Marion
";"43
";"Sammeltätigkeit (durch)
";"0
";"";""
  24969;"Silberarmband";"ubmz-11";"Erwerbung";"1972";"1972-01-01";"1972-12-31";"0";"19971
";"Nepal
";"0
";"17820
";"Walter, Ursula
";"217
";"Erwerbung (durch)
";"0
";"";"ubmz-24";"Sammeltätigkeit";"";"";"";"";"";"";"";"9151
";"Meisig, Marion
";"43
";"Sammeltätigkeit (durch)
";"0
";"";""
  24970;"Amulett";"ubmz-11";"Erwerbung";"1981";"1981-01-01";"1981-12-31";"0";"23550
";"Leh
";"0
";"17820
";"Walter, Ursula
";"217
";"Erwerbung (durch)
";"0
";"";"ubmz-24";"Sammeltätigkeit";"";"";"";"";"";"";"";"9151
";"Meisig, Marion
";"43
";"Sammeltätigkeit (durch)
";"0
";"";""
  24979;"Mondstein-Silber-Deckel";"ubmz-11";"Erwerbung";"1974";"1974-01-01";"1974-12-31";"0";"23558
";"Colombo
";"0
";"17820
";"Walter, Ursula
";"217
";"Erwerbung (durch)
";"0
";"";"ubmz-24";"Sammeltätigkeit";"";"";"";"";"";"";"";"9151
";"Meisig, Marion
";"43
";"Sammeltätigkeit (durch)
";"0
";"";""
  24990;"Blumenvase";"ubmz-11";"Erwerbung";"1981";"1981-01-01";"1981-12-31";"0";"23558
";"Colombo
";"0
";"17820
";"Walter, Ursula
";"217
";"Erwerbung (durch)
";"0
";"";"ubmz-24";"Sammeltätigkeit";"";"";"";"";"";"";"";"9151
";"Meisig, Marion
";"43
";"Sammeltätigkeit (durch)
";"0
";"";""
  24995;"Votivkessel";"ubmz-11";"Erwerbung";"";"";"";"";"24789
";"Asien
";"0
";"17820
";"Walter, Ursula
";"217
";"Erwerbung (durch)
";"0
";"";"ubmz-24";"Sammeltätigkeit";"";"";"";"";"";"";"";"9151
";"Meisig, Marion
";"43
";"Sammeltätigkeit (durch)
";"0
";"";""
  24996;"Fisch";"ubmz-11";"Erwerbung";"";"";"";"";"23554
";"Delhi
";"0
";"17820
";"Walter, Ursula
";"217
";"Erwerbung (durch)
";"0
";" Zum Ort: auf tibetischem Markt";"ubmz-24";"Sammeltätigkeit";"";"";"";"";"";"";"";"9151
";"Meisig, Marion
";"43
";"Sammeltätigkeit (durch)
";"0
";"";""
  24998;"Lotā";"ubmz-11";"Erwerbung";"1973";"1973-01-01";"1973-12-31";"0";"24997
";"Kanpur
";"0
";"17820
";"Walter, Ursula
";"217
";"Erwerbung (durch)
";"0
";"";"ubmz-24";"Sammeltätigkeit";"";"";"";"";"";"";"";"9151
";"Meisig, Marion
";"43
";"Sammeltätigkeit (durch)
";"0
";"";""
  24999;"Wassergefäß";"ubmz-11";"Erwerbung";"1979";"1979-01-01";"1979-12-31";"0";"23759
";"Yogyakarta
";"0
";"17820
";"Walter, Ursula
";"217
";"Erwerbung (durch)
";"0
";"";"ubmz-24";"Sammeltätigkeit";"";"";"";"";"";"";"";"9151
";"Meisig, Marion
";"43
";"Sammeltätigkeit (durch)
";"0
";"";""
  25000;"Messingkanne mit Kuhkopfausguss";"ubmz-11";"Erwerbung";"1973";"1973-01-01";"1973-12-31";"0";"23752
";"Vārānasi
";"0
";"17820
";"Walter, Ursula
";"217
";"Erwerbung (durch)
";"0
";"";"ubmz-24";"Sammeltätigkeit";"";"";"";"";"";"";"";"9151
";"Meisig, Marion
";"43
";"Sammeltätigkeit (durch)
";"0
";"";""
  25001;"Lotā";"ubmz-11";"Erwerbung";"1975";"1975-01-01";"1975-12-31";"0";"23762
";"Udaipur
";"0
";"17820
";"Walter, Ursula
";"217
";"Erwerbung (durch)
";"0
";"";"ubmz-24";"Sammeltätigkeit";"";"";"";"";"";"";"";"9151
";"Meisig, Marion
";"43
";"Sammeltätigkeit (durch)
";"0
";"";""
  25003;"Tibetkanne";"ubmz-11";"Erwerbung";"1974";"1974-01-01";"1974-12-31";"0";"25002
";"State of Jammu and Kashmīr
";"0
";"17820
";"Walter, Ursula
";"217
";"Erwerbung (durch)
";"0
";" Zum Ort: Fundort: Kashmīr";"ubmz-24";"Sammeltätigkeit";"";"";"";"";"";"";"";"9151
";"Meisig, Marion
";"43
";"Sammeltätigkeit (durch)
";"0
";"";""
  25053;"Beteldose Elefant";"ubmz-11";"Erwerbung";"1974";"1974-01-01";"1974-12-31";"0";"23558
";"Colombo
";"0
";"17820
";"Walter, Ursula
";"217
";"Erwerbung (durch)
";"0
";"";"ubmz-24";"Sammeltätigkeit";"";"";"";"";"";"";"";"9151
";"Meisig, Marion
";"43
";"Sammeltätigkeit (durch)
";"0
";"";""
  25057;"Beteldose Buch";"ubmz-11";"Erwerbung";"1973";"1973-01-01";"1973-12-31";"0";"23752
";"Vārānasi
";"0
";"17820
";"Walter, Ursula
";"217
";"Erwerbung (durch)
";"0
";"";"ubmz-24";"Sammeltätigkeit";"";"";"";"";"";"";"";"9151
";"Meisig, Marion
";"43
";"Sammeltätigkeit (durch)
";"0
";"";""
  25062;"Betelbuchse";"ubmz-11";"Erwerbung";"1978";"1978-01-01";"1978-12-31";"0";"25060
";"Sulawesi
";"0
";"17820
";"Walter, Ursula
";"217
";"Erwerbung (durch)
";"0
";" Zum Ort: Troadja-Land";"ubmz-24";"Sammeltätigkeit";"";"";"";"";"";"";"";"9151
";"Meisig, Marion
";"43
";"Sammeltätigkeit (durch)
";"0
";"";""
  25064;"Tiger-Spiel";"ubmz-11";"Erwerbung";"1989";"1989-01-01";"1989-12-31";"0";"25063
";"Lalitpur
";"0
";"17820
";"Walter, Ursula
";"217
";"Erwerbung (durch)
";"0
";"";"ubmz-24";"Sammeltätigkeit";"";"";"";"";"";"";"";"9151
";"Meisig, Marion
";"43
";"Sammeltätigkeit (durch)
";"0
";"";""
  25066;"Schildpatt-Schattenspiel";"ubmz-11";"Erwerbung";"1978";"1978-01-01";"1978-12-31";"0";"23759
";"Yogyakarta
";"0
";"17820
";"Walter, Ursula
";"217
";"Erwerbung (durch)
";"0
";"";"ubmz-24";"Sammeltätigkeit";"";"";"";"";"";"";"";"9151
";"Meisig, Marion
";"43
";"Sammeltätigkeit (durch)
";"0
";"";""
  25161;"Wassergefäß in Fischform";"ubmz-11";"Erwerbung";"1987";"1987-01-01";"1987-12-31";"0";"25160
";"Haein-sa
";"0
";"17820
";"Walter, Ursula
";"217
";"Erwerbung (durch)
";"0
";"";"ubmz-24";"Sammeltätigkeit";"";"";"";"";"";"";"";"9151
";"Meisig, Marion
";"43
";"Sammeltätigkeit (durch)
";"0
";"";""
  25162;"Pinselständer";"ubmz-11";"Erwerbung";"";"";"";"";"20583
";"China
";"0
";"17820
";"Walter, Ursula
";"217
";"Erwerbung (durch)
";"0
";"";"ubmz-24";"Sammeltätigkeit";"";"";"";"";"";"";"";"9151
";"Meisig, Marion
";"43
";"Sammeltätigkeit (durch)
";"0
";"";""
  25164;"Pinselständer";"ubmz-11";"Erwerbung";"1987";"1987-01-01";"1987-12-31";"0";"25163
";"Seoul
";"0
";"17820
";"Walter, Ursula
";"217
";"Erwerbung (durch)
";"0
";" Zum Ort: Museum";"ubmz-24";"Sammeltätigkeit";"";"";"";"";"";"";"";"9151
";"Meisig, Marion
";"43
";"Sammeltätigkeit (durch)
";"0
";"";""
  25165;"Pinselhalter";"ubmz-11";"Erwerbung";"";"";"";"";"20583
";"China
";"0
";"17820
";"Walter, Ursula
";"217
";"Erwerbung (durch)
";"0
";"";"ubmz-24";"Sammeltätigkeit";"";"";"";"";"";"";"";"9151
";"Meisig, Marion
";"43
";"Sammeltätigkeit (durch)
";"0
";"";""
  25166;"Namensstempel";"ubmz-11";"Erwerbung";"1989";"1989-01-01";"1989-12-31";"0";"20583
";"China
";"0
";"17820
";"Walter, Ursula
";"217
";"Erwerbung (durch)
";"0
";"";"ubmz-24";"Sammeltätigkeit";"";"";"";"";"";"";"";"9151
";"Meisig, Marion
";"43
";"Sammeltätigkeit (durch)
";"0
";"";""
  25170;"Lacktafel mit Bodhisattva";"ubmz-11";"Erwerbung";"1982";"1982-01-01";"1982-12-31";"0";"25169
";"Mandalay
";"0
";"17820
";"Walter, Ursula
";"217
";"Erwerbung (durch)
";"0
";"";"ubmz-24";"Sammeltätigkeit";"";"";"";"";"";"";"";"9151
";"Meisig, Marion
";"43
";"Sammeltätigkeit (durch)
";"0
";"";""
  25171;"Pfauenpärchen";"ubmz-11";"Erwerbung";"1972";"1972-01-01";"1972-12-31";"0";"23616
";"Kandy
";"0
";"17820
";"Walter, Ursula
";"217
";"Erwerbung (durch)
";"0
";"";"ubmz-24";"Sammeltätigkeit";"";"";"";"";"";"";"";"9151
";"Meisig, Marion
";"43
";"Sammeltätigkeit (durch)
";"0
";"";""
  25173;"Eulenpärchen";"ubmz-11";"Erwerbung";"1978";"1978-01-01";"1978-12-31";"0";"25172
";"Pura Besakih
";"0
";"17820
";"Walter, Ursula
";"217
";"Erwerbung (durch)
";"0
";"";"ubmz-24";"Sammeltätigkeit";"";"";"";"";"";"";"";"9151
";"Meisig, Marion
";"43
";"Sammeltätigkeit (durch)
";"0
";"";""
  25175;"Szenen aus dem Rāmāyana";"ubmz-11";"Erwerbung";"1989";"1989-01-01";"1989-12-31";"0";"25174
";"Batur-See
";"0
";"17820
";"Walter, Ursula
";"217
";"Erwerbung (durch)
";"0
";"";"ubmz-24";"Sammeltätigkeit";"";"";"";"";"";"";"";"9151
";"Meisig, Marion
";"43
";"Sammeltätigkeit (durch)
";"0
";"";""
  25176;"Schmucktruhe";"ubmz-11";"Erwerbung";"1979";"1979-01-01";"1979-12-31";"0";"23632
";"Thiruvananthapuram
";"0
";"17820
";"Walter, Ursula
";"217
";"Erwerbung (durch)
";"0
";"";"ubmz-24";"Sammeltätigkeit";"";"";"";"";"";"";"";"9151
";"Meisig, Marion
";"43
";"Sammeltätigkeit (durch)
";"0
";"";""
  25177;"Durgā auf Tiger";"ubmz-11";"Erwerbung";"1971";"1971-01-01";"1971-12-31";"0";"23762
";"Udaipur
";"0
";"17820
";"Walter, Ursula
";"217
";"Erwerbung (durch)
";"0
";"";"ubmz-24";"Sammeltätigkeit";"";"";"";"";"";"";"";"9151
";"Meisig, Marion
";"43
";"Sammeltätigkeit (durch)
";"0
";"";""
  25178;"Durgā auf Tiger";"ubmz-11";"Erwerbung";"1973";"1973-01-01";"1973-12-31";"0";"23762
";"Udaipur
";"0
";"17820
";"Walter, Ursula
";"217
";"Erwerbung (durch)
";"0
";"";"ubmz-24";"Sammeltätigkeit";"";"";"";"";"";"";"";"9151
";"Meisig, Marion
";"43
";"Sammeltätigkeit (durch)
";"0
";"";""
  25180;"Śiva Natarāja";"ubmz-11";"Erwerbung";"1973";"1973-01-01";"1973-12-31";"0";"25179
";"Hassan
";"0
";"17820
";"Walter, Ursula
";"217
";"Erwerbung (durch)
";"0
";"";"ubmz-24";"Sammeltätigkeit";"";"";"";"";"";"";"";"9151
";"Meisig, Marion
";"43
";"Sammeltätigkeit (durch)
";"0
";"";""
  25223;"Holzrelief mit Göttinnendarstellung";"ubmz-11";"Erwerbung";"";"";"";"";"17821
";"Indien
";"0
";"17820
";"Walter, Ursula
";"217
";"Erwerbung (durch)
";"0
";"";"ubmz-24";"Sammeltätigkeit";"";"";"";"";"";"";"";"9151
";"Meisig, Marion
";"43
";"Sammeltätigkeit (durch)
";"0
";"";""
  25224;"Holzmaske";"ubmz-11";"Erwerbung";"1979";"1979-01-01";"1979-12-31";"0";"23558
";"Colombo
";"0
";"17820
";"Walter, Ursula
";"217
";"Erwerbung (durch)
";"0
";"";"ubmz-24";"Sammeltätigkeit";"";"";"";"";"";"";"";"9151
";"Meisig, Marion
";"43
";"Sammeltätigkeit (durch)
";"0
";"";""
  25225;"Holzmaske";"ubmz-11";"Erwerbung";"1979";"1979-01-01";"1979-12-31";"0";"23558
";"Colombo
";"0
";"17820
";"Walter, Ursula
";"217
";"Erwerbung (durch)
";"0
";"";"ubmz-24";"Sammeltätigkeit";"";"";"";"";"";"";"";"9151
";"Meisig, Marion
";"43
";"Sammeltätigkeit (durch)
";"0
";"";""
  25226;"Holzmaske";"ubmz-11";"Erwerbung";"1979";"1979-01-01";"1979-12-31";"0";"23558
";"Colombo
";"0
";"17820
";"Walter, Ursula
";"217
";"Erwerbung (durch)
";"0
";"";"ubmz-24";"Sammeltätigkeit";"";"";"";"";"";"";"";"9151
";"Meisig, Marion
";"43
";"Sammeltätigkeit (durch)
";"0
";"";""
  25227;"Holzmaske";"ubmz-11";"Erwerbung";"1979";"1979-01-01";"1979-12-31";"0";"23558
";"Colombo
";"0
";"17820
";"Walter, Ursula
";"217
";"Erwerbung (durch)
";"0
";"";"ubmz-24";"Sammeltätigkeit";"";"";"";"";"";"";"";"9151
";"Meisig, Marion
";"43
";"Sammeltätigkeit (durch)
";"0
";"";""
  25228;"Holzmaske";"ubmz-11";"Erwerbung";"1979";"1979-01-01";"1979-12-31";"0";"23558
";"Colombo
";"0
";"17820
";"Walter, Ursula
";"217
";"Erwerbung (durch)
";"0
";"";"ubmz-24";"Sammeltätigkeit";"";"";"";"";"";"";"";"9151
";"Meisig, Marion
";"43
";"Sammeltätigkeit (durch)
";"0
";"";""
  25229;"Holzmaske";"ubmz-11";"Erwerbung";"1979";"1979-01-01";"1979-12-31";"0";"23558
";"Colombo
";"0
";"17820
";"Walter, Ursula
";"217
";"Erwerbung (durch)
";"0
";"";"ubmz-24";"Sammeltätigkeit";"";"";"";"";"";"";"";"9151
";"Meisig, Marion
";"43
";"Sammeltätigkeit (durch)
";"0
";"";""
  25230;"Maske mit Bild des Śīva";"ubmz-11";"Erwerbung";"1974";"1974-01-01";"1974-12-31";"0";"23556
";"Kathmandu
";"0
";"17820
";"Walter, Ursula
";"217
";"Erwerbung (durch)
";"0
";"";"ubmz-24";"Sammeltätigkeit";"";"";"";"";"";"";"";"9151
";"Meisig, Marion
";"43
";"Sammeltätigkeit (durch)
";"0
";"";""
  25231;"Beter";"ubmz-11";"Erwerbung";"1979";"1979-01-01";"1979-12-31";"0";"23767
";"Kuta
";"0
";"17820
";"Walter, Ursula
";"217
";"Erwerbung (durch)
";"0
";"";"ubmz-24";"Sammeltätigkeit";"";"";"";"";"";"";"";"9151
";"Meisig, Marion
";"43
";"Sammeltätigkeit (durch)
";"0
";"";""
  25232;"Schale";"ubmz-11";"Erwerbung";"";"";"";"";"19643
19971
";"Tibet
Nepal
";"1
1
";"17820
";"Walter, Ursula
";"217
";"Erwerbung (durch)
";"0
";"";"ubmz-24";"Sammeltätigkeit";"";"";"";"";"";"";"";"9151
";"Meisig, Marion
";"43
";"Sammeltätigkeit (durch)
";"0
";"";""
  25234;"Viṣṇu auf Garuḍa";"ubmz-11";"Erwerbung";"1978";"1978-01-01";"1978-12-31";"0";"25233
";"Padang Bai
";"0
";"17820
";"Walter, Ursula
";"217
";"Erwerbung (durch)
";"0
";"";"ubmz-24";"Sammeltätigkeit";"";"";"";"";"";"";"";"9151
";"Meisig, Marion
";"43
";"Sammeltätigkeit (durch)
";"0
";"";""
  25235;"Hanuman";"ubmz-11";"Erwerbung";"1979";"1979-01-01";"1979-12-31";"0";"23767
";"Kuta
";"0
";"17820
";"Walter, Ursula
";"217
";"Erwerbung (durch)
";"0
";"";"ubmz-24";"Sammeltätigkeit";"";"";"";"";"";"";"";"9151
";"Meisig, Marion
";"43
";"Sammeltätigkeit (durch)
";"0
";"";""
  25236;"Śrīdevī";"ubmz-11";"Erwerbung";"1979";"1979-01-01";"1979-12-31";"0";"23767
";"Kuta
";"0
";"17820
";"Walter, Ursula
";"217
";"Erwerbung (durch)
";"0
";"";"ubmz-24";"Sammeltätigkeit";"";"";"";"";"";"";"";"9151
";"Meisig, Marion
";"43
";"Sammeltätigkeit (durch)
";"0
";"";""
  25237;"Figur im Lotossitz, eventuell Śiva";"ubmz-11";"Erwerbung";"1979";"1979-01-01";"1979-12-31";"0";"23767
";"Kuta
";"0
";"17820
";"Walter, Ursula
";"217
";"Erwerbung (durch)
";"0
";"";"ubmz-24";"Sammeltätigkeit";"";"";"";"";"";"";"";"9151
";"Meisig, Marion
";"43
";"Sammeltätigkeit (durch)
";"0
";"";""
  25238;"Stehender Dämon";"ubmz-11";"Erwerbung";"1979";"1979-01-01";"1979-12-31";"0";"23767
";"Kuta
";"0
";"17820
";"Walter, Ursula
";"217
";"Erwerbung (durch)
";"0
";"";"ubmz-24";"Sammeltätigkeit";"";"";"";"";"";"";"";"9151
";"Meisig, Marion
";"43
";"Sammeltätigkeit (durch)
";"0
";"";""
  25239;"Holzrelief, eventuell Rāma und Sītā";"ubmz-11";"Erwerbung";"1979";"1979-01-01";"1979-12-31";"0";"23767
";"Kuta
";"0
";"17820
";"Walter, Ursula
";"217
";"Erwerbung (durch)
";"0
";"";"ubmz-24";"Sammeltätigkeit";"";"";"";"";"";"";"";"9151
";"Meisig, Marion
";"43
";"Sammeltätigkeit (durch)
";"0
";"";""
  25242;"Kopf aus Bronze";"ubmz-11";"Erwerbung";"1972";"1972-01-01";"1972-12-31";"0";"25241
";"Ayutthaya
";"0
";"17820
";"Walter, Ursula
";"217
";"Erwerbung (durch)
";"0
";"";"ubmz-24";"Sammeltätigkeit";"";"";"";"";"";"";"";"9151
";"Meisig, Marion
";"43
";"Sammeltätigkeit (durch)
";"0
";"";""
  39197;"Test";"ubmz-1";"Aufführung";"";"";"";"";"";"";"";"";"";"";"";"";"";"ubmz-25";"Schenkung";"";"";"";"";"";"";"";"";"";"";"";"";"";"ubmz-11";"Erwerbung";"19. Jahrhundert";"1800-01-01";"1899-12-31";"1";"17821
";"Indien
";"1
";"17820
";"Walter, Ursula
";"217
";"Erwerbung (durch)
";"0
";"Bemerkung zur Ursula Walter.; Zum Datum: Bemerkungen zum Datum";"ubmz-24";"Sammeltätigkeit";"1956";"1956-01-01";"1956-12-31";"0";"3
";"Berlin
";"0
";"9151
17820
";"Meisig, Marion
Walter, Ursula
";"43
43
";"Sammeltätigkeit (durch)
Sammeltätigkeit (durch)
";"1
0
";"Bermerkungen zur #ersten# Person; Bemerkungen zur zweiten Person;  Zum Ort: Bemerkungen zum #Ort#";""
  39198;"Test Kopie";"ubmz-1";"Aufführung";"";"";"";"";"";"";"";"";"";"";"";"";"";"ubmz-33";"Verlust";"";"";"";"";"";"";"";"";"";"";"";"";"";"ubmz-25";"Schenkung";"";"";"";"";"";"";"";"";"";"";"";"";"";"ubmz-24";"Sammeltätigkeit";"";"";"";"";"3
8976
";"Berlin
Armenien
";"0
1
";"9151
17820
";"Meisig, Marion
Walter, Ursula
";"43
43
";"Sammeltätigkeit (durch)
Sammeltätigkeit (durch)
";"1
0
";"Bermerkungen zur #ersten# Person; Bemerkungen zur zweiten Person;  Zum Ort: Bemerkungen zum #Ort#";""
